"ID","Numero","FIFADisplayName","Country","LastName","FirstName"
1,1,"Nahuel GUZMAN","Argentina","GUZMÁN","Nahuel Ignacio"
2,2,"Gabriel MERCADO","Argentina","MERCADO","Gabriel Ivan"
3,3,"Nicolas TAGLIAFICO","Argentina","TAGLIAFICO","Nicolás Alejandro"
4,4,"Cristian ANSALDI","Argentina","ANSALDI","Cristian Daniel"
5,5,"Lucas BIGLIA","Argentina","BIGLIA","Lucas Rodrigo"
6,6,"Federico FAZIO","Argentina","FAZIO","Federico Julián"
7,7,"Ever BANEGA","Argentina","BANEGA","Ever Maximiliano David"
8,8,"Marcos ACUNA","Argentina","ACUÑA","Marcos Javier"
9,9,"Gonzalo HIGUAIN","Argentina","HIGUAIN","Gonzalo Gerardo"
10,10,"Lionel MESSI","Argentina","MESSI","Lionel Andres"
11,11,"Angel DI MARIA","Argentina","DI MARIA","Angel Fabian"
12,12,"Franco ARMANI","Argentina","ARMANI","Franco"
13,13,"Maximiliano MEZA","Argentina","MEZA","Maximiliano Eduardo"
14,14,"Javier MASCHERANO","Argentina","MASCHERANO","Javier Alejandro"
15,15,"Enzo PEREZ","Argentina","PEREZ","Enzo Nicolas"
16,16,"Marcos ROJO","Argentina","ROJO","Faustino Marcos Alberto"
17,17,"Nicolas OTAMENDI","Argentina","OTAMENDI","Nicolas Hernan Gonzalo"
18,18,"Eduardo SALVIO","Argentina","SALVIO","Eduardo Antonio"
19,19,"Sergio AGUERO","Argentina","AGÜERO","Sergio Leonel"
20,20,"Giovani LO CELSO","Argentina","LO CELSO","Giovani"
21,21,"Paulo DYBALA","Argentina","DYBALA","Paulo Exequiel"
22,22,"Cristian PAVON","Argentina","PAVÓN","Cristian David"
23,23,"Wilfredo CABALLERO","Argentina","CABALLERO","Wilfredo Daniel"
24,1,"Mathew RYAN","Australia","RYAN","Mathew David"
25,2,"Milos DEGENEK","Australia","DEGENEK","Milos"
26,3,"James MEREDITH","Australia","MEREDITH","James Gregory"
27,4,"Tim CAHILL","Australia","CAHILL","Timothy Filiga"
28,5,"Mark MILLIGAN","Australia","MILLIGAN","Mark Daniel"
29,6,"Matthew JURMAN","Australia","JURMAN","Matthew John"
30,7,"Mathew LECKIE","Australia","LECKIE","Mathew Allan"
31,8,"Massimo LUONGO","Australia","LUONGO","Massimo Corey"
32,9,"Tomi JURIC","Australia","JURIC","Tomi"
33,10,"Robbie KRUSE","Australia","KRUSE","Robbie Thomas"
34,11,"Andrew NABBOUT","Australia","NABBOUT","Andrew"
35,12,"Brad JONES","Australia","JONES","Bradley Scott"
36,13,"Aaron MOOY","Australia","MOOY","Aaron Frank"
37,14,"Jamie MacLAREN","Australia","MACLAREN","Jamie"
38,15,"Mile JEDINAK","Australia","JEDINAK","Michael John"
39,16,"Aziz BEHICH","Australia","BEHICH","Aziz"
40,17,"Daniel ARZANI","Australia","ARZANI","Daniel"
41,18,"Danny VUKOVIC","Australia","VUKOVIC","Daniel"
42,19,"Joshua RISDON","Australia","RISDON","Joshua Robert"
43,20,"Trent SAINSBURY","Australia","SAINSBURY","Trent Lucas"
44,21,"Dimitrios PETRATOS","Australia","PETRATOS","Dimitrios"
45,22,"Jackson IRVINE","Australia","IRVINE","Jackson Alexander"
46,23,"Tom ROGIC","Australia","ROGIC","Tomas Petar"
47,1,"Thibaut COURTOIS","Belgium","COURTOIS","Thibaut Nicolas"
48,2,"Toby ALDERWEIRELD","Belgium","ALDERWEIRELD","Toby Albertine"
49,3,"Thomas VERMAELEN","Belgium","VERMAELEN","Thomas"
50,4,"Vincent KOMPANY","Belgium","KOMPANY","Vincent Jean"
51,5,"Jan VERTONGHEN","Belgium","VERTONGHEN","Jan Bert"
52,6,"Axel WITSEL","Belgium","WITSEL","Axel Laurent"
53,7,"Kevin DE BRUYNE","Belgium","DE BRUYNE","Kevin"
54,8,"Marouane FELLAINI","Belgium","FELLAINI-BAKKIOUI","Marouane"
55,9,"Romelu LUKAKU","Belgium","LUKAKU BOLINGOLI","Romelu"
56,10,"Eden HAZARD","Belgium","HAZARD","Eden Michael"
57,11,"Yannick CARRASCO","Belgium","FERREIRA CARRASCO","Yannick"
58,12,"Simon MIGNOLET","Belgium","MIGNOLET","Simon Luc"
59,13,"Koen CASTEELS","Belgium","CASTEELS","Koen"
60,14,"Dries MERTENS","Belgium","MERTENS","Dries"
61,15,"Thomas MEUNIER","Belgium","MEUNIER","Thomas"
62,16,"Thorgan HAZARD","Belgium","HAZARD","Thorgan Ganael Francis"
63,17,"Youri TIELEMANS","Belgium","TIELEMANS","Youri"
64,18,"Adnan JANUZAJ","Belgium","JANUZAJ","Adnan"
65,19,"Moussa DEMBELE","Belgium","DEMBELE","Moussa Sidi Yaya"
66,20,"Dedryck BOYATA","Belgium","BOYATA","Dedryck Anga"
67,21,"Michy BATSHUAYI","Belgium","BATSHUAYI TUNGA","Michy"
68,22,"Nacer CHADLI","Belgium","CHADLI","Nacer"
69,23,"Leander DENDONCKER","Belgium","DENDONCKER","Leander"
70,1,"ALISSON","Brazil","BECKER","Alisson Ramses"
71,2,"THIAGO SILVA","Brazil","EMILIANO DA SILVA","Thiago"
72,3,"MIRANDA","Brazil","MIRANDA DE SOUZA FILHO","Joao"
73,4,"PEDRO GEROMEL","Brazil","TONON GEROMEL","Pedro"
74,5,"CASEMIRO","Brazil","CASIMIRO","Carlos Henrique"
75,6,"FILIPE LUIS","Brazil","KASMIRSKI","Filipe Luis"
76,7,"DOUGLAS COSTA","Brazil","COSTA DE SOUZA","Douglas"
77,8,"RENATO AUGUSTO","Brazil","SOARES DE OLIVEIRA AUGUSTO","Renato"
78,9,"GABRIEL JESUS","Brazil","DE JESUS","Gabriel Fernando"
79,10,"NEYMAR","Brazil","DA SILVA SANTOS JUNIOR","Neymar"
80,11,"PHILIPPE COUTINHO","Brazil","COUTINHO CORREIA","Philippe"
81,12,"MARCELO","Brazil","VIEIRA DA SILVA JUNIOR","Marcelo"
82,13,"MARQUINHOS","Brazil","AOAS CORREA","Marcos"
83,14,"DANILO","Brazil","DA SILVA","Danilo Luiz"
84,15,"PAULINHO","Brazil","BEZERRA MACIEL JÚNIOR","José Paulo"
85,16,"CASSIO","Brazil","RAMOS","Cassio"
86,17,"FERNANDINHO","Brazil","ROZA","Fernando Luiz"
87,18,"FRED","Brazil","RODRIGUES DE PAULA SANTOS","Frederico"
88,19,"WILLIAN","Brazil","BORGES DA SILVA","Willian"
89,20,"ROBERTO FIRMINO","Brazil","BARBOSA DE OLIVEIRA","Roberto Firmino"
90,21,"TAISON","Brazil","BARCELLOS FREDA","Taison"
91,22,"FAGNER","Brazil","CONSERVA LEMOS","Fagner"
92,23,"EDERSON","Brazil","SANTANA DE MORAES","Ederson"
93,1,"David OSPINA","Colombia","OSPINA RAMIREZ","David"
94,2,"Cristian ZAPATA","Colombia","ZAPATA VALENCIA","Cristian Eduardo"
95,3,"Oscar MURILLO","Colombia","MURILLO MURILLO","Oscar Fabian"
96,4,"Santiago ARIAS","Colombia","ARIAS NARANJO","Santiago"
97,5,"Wilmar BARRIOS","Colombia","BARRIOS TERAN","Wilmar Enrique"
98,6,"Carlos SANCHEZ","Colombia","SANCHEZ MORENO","Carlos Alberto"
99,7,"Carlos BACCA","Colombia","BACCA AHUMADA","Carlos Arturo"
100,8,"Abel AGUILAR","Colombia","AGUILAR TAPIAS","Abel Enrique"
101,9,"Radamel FALCAO","Colombia","GARCIA ZARATE","Radamel Falcao"
102,10,"James RODRIGUEZ","Colombia","RODRIGUEZ RUBIO","James David"
103,11,"Juan CUADRADO","Colombia","CUADRADO BELLO","Juan Guillermo"
104,12,"Camilo VARGAS","Colombia","VARGAS GIL","Camilo Andres"
105,13,"Yerry MINA","Colombia","MINA GONZALEZ","Yerry Fernando"
106,14,"Luis MURIEL","Colombia","MURIEL FRUTO","Luis Fernando"
107,15,"Mateus URIBE","Colombia","URIBE VILLA","Andres Mateus"
108,16,"Jefferson LERMA","Colombia","LERMA SOLIS","Jefferson Andrés"
109,17,"Johan MOJICA","Colombia","MOJICA PALACIO","Johan Andrés"
110,18,"Farid DIAZ","Colombia","DIAZ RHENALS","Farid Alfonso"
111,19,"Miguel BORJA","Colombia","BORJA HERNANDEZ","Miguel Angel"
112,20,"Juan QUINTERO","Colombia","QUINTERO PANIAGUA","Juan Fernando"
113,21,"Jose IZQUIERDO","Colombia","IZQUIERDO MENA","José Heriberto"
114,22,"Jose CUADRADO","Colombia","CUADRADO ROMERO","José Fernando"
115,23,"Davinson SANCHEZ","Colombia","SANCHEZ MINA","Davinson"
116,1,"Keylor NAVAS","Costa Rica","NAVAS GAMBOA","Keilor Antonio"
117,2,"Johnny ACOSTA","Costa Rica","ACOSTA ZAMORA","Jhonny"
118,3,"Giancarlo GONZALEZ","Costa Rica","GONZALEZ CASTRO","Giancarlo"
119,4,"Ian SMITH","Costa Rica","SMITH QUIROS","Ian Rey"
120,5,"Celso BORGES","Costa Rica","BORGES MORA","Celso"
121,6,"Oscar DUARTE","Costa Rica","DUARTE GAITAN","Oscar Esau"
122,7,"Christian BOLANOS","Costa Rica","BOLAÑOS NAVARRO","Christian"
123,8,"Bryan OVIEDO","Costa Rica","OVIEDO JIMENEZ","Bryan Josue"
124,9,"Daniel COLINDRES","Costa Rica","COLINDRES SOLERA","Daniel"
125,10,"Bryan RUIZ","Costa Rica","RUIZ GONZALEZ","Bryan Jafet"
126,11,"Johan VENEGAS","Costa Rica","VENEGAS ULLOA","Johan Alberto"
127,12,"Joel CAMPBELL","Costa Rica","CAMPBELL SAMUELS","Joel Nathaniel"
128,13,"Rodney WALLACE","Costa Rica","WALLACE BURNS","Rodney"
129,14,"Randall AZOFEIFA","Costa Rica","AZOFEIFA CORRALES","Randall"
130,15,"Francisco CALVO","Costa Rica","CALVO QUESADA","Francisco Javier"
131,16,"Cristian GAMBOA","Costa Rica","GAMBOA LUNA","Cristian Esteban"
132,17,"Yeltsin TEJEDA","Costa Rica","TEJEDA VALVERDE","Yeltsin Ignacio"
133,18,"Patrick PEMBERTON","Costa Rica","PEMBERTON BERNARD","Patrick Alberto"
134,19,"Kendall WASTON","Costa Rica","WASTON MANLEY","Kendall Jamaal"
135,20,"David GUZMAN","Costa Rica","GUZMAN PEREZ","David"
136,21,"Marcos URENA","Costa Rica","UREÑA PORRAS","Marcos Danilo"
137,22,"Ronald MATARRITA","Costa Rica","MATARRITA ULATE","Ronald Alberto"
138,23,"Leonel MOREIRA","Costa Rica","MOREIRA LEDEZMA","Leonel Gerardo"
139,1,"Dominik LIVAKOVIC","Croatia","LIVAKOVIĆ","Dominik"
140,2,"Sime VRSALJKO","Croatia","VRSALJKO","Šime"
141,3,"Ivan STRINIC","Croatia","STRINIĆ","Ivan"
142,4,"Ivan PERISIC","Croatia","PERIŠIĆ","Ivan"
143,5,"Vedran CORLUKA","Croatia","ĆORLUKA","Vedran"
144,6,"Dejan LOVREN","Croatia","LOVREN","Dejan"
145,7,"Ivan RAKITIC","Croatia","RAKITIĆ","Ivan"
146,8,"Mateo KOVACIC","Croatia","KOVAČIĆ","Mateo"
147,9,"Andrej KRAMARIC","Croatia","KRAMARIĆ","Andrej"
148,10,"Luka MODRIC","Croatia","MODRIĆ","Luka"
149,11,"Marcelo BROZOVIC","Croatia","BROZOVIĆ","Marcelo"
150,12,"Lovre KALINIC","Croatia","KALINIĆ","Lovre"
151,13,"Tin JEDVAJ","Croatia","JEDVAJ","Tin"
152,14,"Filip BRADARIC","Croatia","BRADARIĆ","Filip"
153,15,"Duje CALETA-CAR","Croatia","ĆALETA-CAR","Duje"
154,16,"Nikola KALINIC","Croatia","KALINIĆ","Nikola"
155,17,"Mario MANDZUKIC","Croatia","MANDŽUKIĆ","Mario"
156,18,"Ante REBIC","Croatia","REBIĆ","Ante"
157,19,"Milan BADELJ","Croatia","BADELJ","Milan"
158,20,"Marko PJACA","Croatia","PJACA","Marko"
159,21,"Domagoj VIDA","Croatia","VIDA","Domagoj"
160,22,"Josip PIVARIC","Croatia","PIVARIĆ","Josip"
161,23,"Danijel SUBASIC","Croatia","SUBAŠIĆ","Danijel"
162,1,"Kasper SCHMEICHEL","Denmark","SCHMEICHEL","Kasper Peter"
163,2,"Michael KROHN-DEHLI","Denmark","KROHN-DEHLI","Michael"
164,3,"Jannik VESTERGAARD","Denmark","VESTERGAARD","Jannik"
165,4,"Simon KJAER","Denmark","KJAER","Simon Thorup"
166,5,"Jonas KNUDSEN","Denmark","KNUDSEN","Jonas Hjort"
167,6,"Andreas CHRISTENSEN","Denmark","CHRISTENSEN","Andreas Bodtker"
168,7,"William KVIST","Denmark","KVIST","William Vitved"
169,8,"Thomas DELANEY","Denmark","DELANEY","Thomas Joseph"
170,9,"Nicolai JORGENSEN","Denmark","JORGENSEN","Nicolai Mick"
171,10,"Christian ERIKSEN","Denmark","ERIKSEN","Christian Dannemann"
172,11,"Martin BRAITHWAITE","Denmark","BRAITHWAITE","Martin Christensen"
173,12,"Kasper DOLBERG","Denmark","RASMUSSEN","Kasper Dolberg"
174,13,"Mathias JORGENSEN","Denmark","JORGENSEN","Mathias Jattah-Njie"
175,14,"Henrik DALSGAARD","Denmark","DALSGAARD","Henrik"
176,15,"Viktor FISCHER","Denmark","FISCHER","Viktor Gorridsen"
177,16,"Jonas LOSSL","Denmark","LÖSSL","Jonas Bybjerg"
178,17,"Jens Stryger LARSEN","Denmark","LARSEN","Jens Stryger"
179,18,"Lukas LERAGER","Denmark","LERAGER","Lukas Reiff"
180,19,"Lasse SCHONE","Denmark","SCHÖNE","Lasse"
181,20,"Yussuf Yurary POULSEN","Denmark","POULSEN","Yussuf Yurary"
182,21,"Andreas CORNELIUS","Denmark","CORNELIUS","Andreas Evald"
183,22,"Frederik RONNOW","Denmark","RØNNOW","Frederik Riis"
184,23,"Pione SISTO","Denmark","EMIRMIJA","Pione Sisto Ifolo"
185,1,"ESSAM ELHADARY","Egypt","KAMAL TAWFIK EL HADARY","Essam"
186,2,"ALI GABR","Egypt","GABR","Ali"
187,3,"AHMED ELMOHAMADY","Egypt","ABDELFATTAH","Ahmed Elmohamady"
188,4,"OMAR GABER","Egypt","GABER","Omar"
189,5,"SAM MORSY","Egypt","SAYED MORSY","Samy"
190,6,"AHMED HEGAZY","Egypt","HEGAZY","Ahmed Elsayed"
191,7,"AHMED FATHI","Egypt","IBRAHIM","Ahmed Fathy AbdelmonemAhmed"
192,8,"TAREK HAMED","Egypt","HAMED","Tarek"
193,9,"MARWAN MOHSEN","Egypt","GAMALELDIN MAHMOUD FAHMY","Marwan Mohsen"
194,10,"MOHAMED SALAH","Egypt","GHALY","Mohamed Salah"
195,11,"KAHRABA","Egypt","SOLIMAN","Mahmoud Abdelmoneim"
196,12,"AYMAN ASHRAF","Egypt","ELSEMBESKANY","Ayman Ashraf"
197,13,"MOHAMED ABDELSHAFY","Egypt","ABOUZID","Mohamed Abdelshafy Said"
198,14,"RAMADAN SOBHY","Egypt","AHMED","Ramadan Sobhy"
199,15,"MAHMOUD HAMDY","Egypt","ATTIA","Mahmoud Hamdy"
200,16,"SHERIF EKRAMY","Egypt","AHMED","Sherif Ekramy Ahmed"
201,17,"MOHAMED ELNENY","Egypt","ELNENY","Mohamed Nasser Elsayed"
202,18,"SHIKABALA","Egypt","FADLALA","Mahmoud AbdelrazekHassan"
203,19,"ABDALLA SAID","Egypt","BEKHIT","Abdalla Mahmoud Said"
204,20,"SAMIR SAAD","Egypt","ALI","Saadeldin Samir Saad"
205,21,"TREZEGUET","Egypt","HASSAN","Mahmoud Ahmed Ibrahim"
206,22,"AMR WARDA","Egypt","WARDA","Amr Medhat"
207,23,"MOHAMED ELSHENAWY","Egypt","ELSHENAWY GOMAA","Mohamed ElsayedMohamed"
208,1,"Jordan PICKFORD","England","PICKFORD","Jordan Lee"
209,2,"Kyle WALKER","England","WALKER","Kyle Andrew"
210,3,"Danny ROSE","England","ROSE","Daniel Lee"
211,4,"Eric DIER","England","DIER","Eric Jeremy Edgar"
212,5,"John STONES","England","STONES","John"
213,6,"Harry MAGUIRE","England","MAGUIRE","Jacob Harry"
214,7,"Jesse LINGARD","England","LINGARD","Jesse Ellis"
215,8,"Jordan HENDERSON","England","HENDERSON","Jordan Brian"
216,9,"Harry KANE","England","KANE","Harry Edward"
217,10,"Raheem STERLING","England","STERLING","Raheem"
218,11,"Jamie VARDY","England","VARDY","Jamie Richard"
219,12,"Kieran TRIPPIER","England","TRIPPIER","Kieran John"
220,13,"Jack BUTLAND","England","BUTLAND","Jack"
221,14,"Danny WELBECK","England","WELBECK","Daniel"
222,15,"Gary CAHILL","England","CAHILL","Gary James"
223,16,"Phil JONES","England","JONES","Philip Anthony"
224,17,"Fabian DELPH","England","DELPH","Fabian"
225,18,"Ashley YOUNG","England","YOUNG","Ashley Simon"
226,19,"Marcus RASHFORD","England","RASHFORD","Marcus"
227,20,"Dele ALLI","England","ALLI","Bamidele Jermaine"
228,21,"Ruben LOFTUS-CHEEK","England","LOFTUS-CHEEK","Ruben Ira"
229,22,"Trent ALEXANDER-ARNOLD","England","ALEXANDER-ARNOLD","Trent John"
230,23,"Nick POPE","England","POPE","Nicholas David"
231,1,"Hugo LLORIS","France","LLORIS","Hugo"
232,2,"Benjamin PAVARD","France","PAVARD","Benjamin"
233,3,"Presnel KIMPEMBE","France","KIMPEMBE","Presnel"
234,4,"Raphael VARANE","France","VARANE","Raphaël Xavier"
235,5,"Samuel UMTITI","France","UMTITI","Samuel"
236,6,"Paul POGBA","France","POGBA","Paul Labile"
237,7,"Antoine GRIEZMANN","France","GRIEZMANN","Antoine"
238,8,"Thomas LEMAR","France","LEMAR","Thomas"
239,9,"Olivier GIROUD","France","GIROUD","Olivier"
240,10,"Kylian MBAPPE","France","MBAPPE LOTTIN","Kylian"
241,11,"Ousmane DEMBELE","France","DEMBELE","Ousmane"
242,12,"Corentin TOLISSO","France","TOLISSO","Corentin"
243,13,"Ngolo KANTE","France","KANTE","N'golo"
244,14,"Blaise MATUIDI","France","MATUIDI","Blaise"
245,15,"Steven NZONZI","France","NZONZI","Steven"
246,16,"Steve MANDANDA","France","MANDANDA MPIDI","Steve"
247,17,"Adil RAMI","France","RAMI","Adil"
248,18,"Nabil FEKIR","France","FEKIR","Nabil"
249,19,"Djibril SIDIBE","France","SIDIBE","Djibril"
250,20,"Florian THAUVIN","France","THAUVIN","Florian"
251,21,"Lucas HERNANDEZ","France","HERNANDEZ","Lucas"
252,22,"Benjamin MENDY","France","MENDY","Benjamin"
253,23,"Alphonse AREOLA","France","AREOLA","Alphonse"
254,1,"Manuel NEUER","Germany","NEUER","Manuel Peter"
255,2,"Marvin PLATTENHARDT","Germany","PLATTENHARDT","Marvin"
256,3,"Jonas HECTOR","Germany","HECTOR","Jonas Armin"
257,4,"Matthias GINTER","Germany","GINTER","Matthias Lukas"
258,5,"Mats HUMMELS","Germany","HUMMELS","Mats Julian"
259,6,"Sami KHEDIRA","Germany","KHEDIRA","Sami"
260,7,"Julian DRAXLER","Germany","DRAXLER","Julian"
261,8,"Toni KROOS","Germany","KROOS","Toni"
262,9,"Timo WERNER","Germany","WERNER","Timo"
263,10,"Mesut OEZIL","Germany","ÖZIL","Mesut"
264,11,"Marco REUS","Germany","REUS","Marco"
265,12,"Kevin TRAPP","Germany","TRAPP","Kevin"
266,13,"Thomas MUELLER","Germany","MÜLLER","Thomas"
267,14,"Leon GORETZKA","Germany","GORETZKA","Leon Christoph"
268,15,"Niklas SUELE","Germany","SÜLE","Niklas"
269,16,"Antonio RUEDIGER","Germany","RÜDIGER","Antonio"
270,17,"Jerome BOATENG","Germany","BOATENG","Jerome Agyenim"
271,18,"Joshua KIMMICH","Germany","KIMMICH","Joshua Walter"
272,19,"Sebastian RUDY","Germany","RUDY","Sebastian"
273,20,"Julian BRANDT","Germany","BRANDT","Julian"
274,21,"Ilkay GUENDOGAN","Germany","GÜNDOGAN","Ilkay"
275,22,"Marc-Andre TER STEGEN","Germany","TER STEGEN","Marc-André"
276,23,"Mario GOMEZ","Germany","GOMEZ GARCIA","Mario"
277,1,"Hannes HALLDORSSON","Iceland","HALLDORSSON","Hannes Thor"
278,2,"Birkir SAEVARSSON","Iceland","SAEVARSSON","Birkir Mar"
279,3,"Samuel FRIDJONSSON","Iceland","FRIDJONSSON","Samúel Kári"
280,4,"Albert GUDMUNDSSON","Iceland","GUDMUNDSSON","Albert"
281,5,"Sverrir INGASON","Iceland","INGASON","Sverrir Ingi"
282,6,"Ragnar SIGURDSSON","Iceland","SIGURDSSON","Ragnar"
283,7,"Johann GUDMUNDSSON","Iceland","GUDMUNDSSON","Johann Berg"
284,8,"Birkir BJARNASON","Iceland","BJARNASON","Birkir"
285,9,"Bjorn SIGURDARSON","Iceland","SIGURDARSON","Bjorn Bergmann"
286,10,"Gylfi SIGURDSSON","Iceland","SIGURDSSON","Gylfi Thor"
287,11,"Alfred FINNBOGASON","Iceland","FINNBOGASON","Alfred"
288,12,"Frederik SCHRAM","Iceland","SCHRAM","Frederik August Albrecht"
289,13,"Runar RUNARSSON","Iceland","RÚNARSSON","Rúnar Alex"
290,14,"Kari ARNASON","Iceland","ARNASON","Kari"
291,15,"Holmar EYJOLFSSON","Iceland","EYJOLFSSON","Holmar Orn"
292,16,"Olafur SKULASON","Iceland","SKULASON","Olafur Ingi"
293,17,"Aron GUNNARSSON","Iceland","GUNNARSSON","Aron Einar"
294,18,"Hordur MAGNUSSON","Iceland","MAGNUSSON","Hordur Bjorgvin"
295,19,"Rurik GISLASON","Iceland","GISLASON","Rurik"
296,20,"Emil HALLFREDSSON","Iceland","HALLFREDSSON","Emil"
297,21,"Arnor TRAUSTASON","Iceland","TRAUSTASON","Arnor Ingvi"
298,22,"Jon BODVARSSON","Iceland","BODVARSSON","Jon Dadi"
299,23,"Ari SKULASON","Iceland","SKULASON","Ari Freyr"
300,1,"Ali BEIRANVAND","IR Iran","SAFARBEIRANVAND","Ali Reza"
301,2,"Mehdi TORABI","IR Iran","TORABI","Mahdi"
302,3,"Ehsan HAJI SAFI","IR Iran","HAJI SAFI","Ehsan"
303,4,"Roozbeh CHESHMI","IR Iran","CHESHMI","Roozbeh"
304,5,"Milad MOHAMMADI","IR Iran","MOHAMMADI KESHMARZI","Milad"
305,6,"Saeid EZATOLAHI","IR Iran","EZATOLAHI AFAGH","Saeid"
306,7,"Masoud SHOJAEI","IR Iran","SOLEIMANI SHOJAEI","Masoud"
307,8,"Morteza POURALIGANJI","IR Iran","POURALIGANJI","Morteza"
308,9,"Omid EBRAHIMI","IR Iran","EBRAHIMI ZARANDINI","Omid"
309,10,"Karim ANSARIFARD","IR Iran","ANSARIFARD","Karim"
310,11,"Vahid AMIRI","IR Iran","AMIRI","Vahid"
311,12,"Rashid MAZAHERI","IR Iran","MAZAHERI","Mohammad Rashid"
312,13,"Mohammad Reza KHANZADEH","IR Iran","KHANZADEH DARABY","Mohammad Reza"
313,14,"Saman GHODDOS","IR Iran","GHODDOOS","Seyed Saman"
314,15,"Pejman MONTAZERI","IR Iran","MONTAZERI","Pejman"
315,16,"Reza GHOOCHANNEJHAD","IR Iran","GHOOCHANNEJHAD NOURNIA","Reza"
316,17,"Mehdi TAREMI","IR Iran","TAREMI","Mehdi"
317,18,"Alireza JAHANBAKHSH","IR Iran","JAHANBAKHSH JIRANDEH","Alireza"
318,19,"Majid HOSSEINI","IR Iran","HOSSEINI","Seyed Majid"
319,20,"Sardar AZMOUN","IR Iran","AZMOUN","Sardar"
320,21,"Ashkan DEJAGAH","IR Iran","DEJAGAH","Seyed Ashkan"
321,22,"Amir ABEDZADEH","IR Iran","ABEDZADEH","Amir"
322,23,"Ramin REZAEIAN","IR Iran","REZAEIAN SEMESKANDI","Ramin"
323,1,"Eiji KAWASHIMA","Japan","KAWASHIMA","Eiji"
324,2,"Naomichi UEDA","Japan","UEDA","Naomichi"
325,3,"Gen SHOJI","Japan","SHOJI","Gen"
326,4,"Keisuke HONDA","Japan","HONDA","Keisuke"
327,5,"Yuto NAGATOMO","Japan","NAGATOMO","Yuto"
328,6,"Wataru ENDO","Japan","ENDO","Wataru"
329,7,"Gaku SHIBASAKI","Japan","SHIBASAKI","Gaku"
330,8,"Genki HARAGUCHI","Japan","HARAGUCHI","Genki"
331,9,"Shinji OKAZAKI","Japan","OKAZAKI","Shinji"
332,10,"Shinji KAGAWA","Japan","KAGAWA","Shinji"
333,11,"Takashi USAMI","Japan","USAMI","Takashi"
334,12,"Masaaki HIGASHIGUCHI","Japan","HIGASHIGUCHI","Masaaki"
335,13,"Yoshinori MUTO","Japan","MUTO","Yoshinori"
336,14,"Takashi INUI","Japan","INUI","Takashi"
337,15,"Yuya OSAKO","Japan","OSAKO","Yuya"
338,16,"Hotaru YAMAGUCHI","Japan","YAMAGUCHI","Hotaru"
339,17,"Makoto HASEBE","Japan","HASEBE","Makoto"
340,18,"Ryota OHSHIMA","Japan","OHSHIMA","Ryota"
341,19,"Hiroki SAKAI","Japan","SAKAI","Hiroki"
342,20,"Tomoaki MAKINO","Japan","MAKINO","Tomoaki"
343,21,"Gotoku SAKAI","Japan","SAKAI","Gotoku"
344,22,"Maya YOSHIDA","Japan","YOSHIDA","Maya"
345,23,"Kosuke NAKAMURA","Japan","NAKAMURA","Kosuke"
346,1,"KIM Seunggyu","Korea Republic","KIM","Seunggyu S G KIM"
347,2,"LEE Yong","Korea Republic","LEE","Yong Y LEE"
348,3,"JUNG Seunghyun","Korea Republic","JUNG","Seunghyun S H JUNG"
349,4,"OH Bansuk","Korea Republic","OH","Bansuk B S OH"
350,5,"YUN Youngsun","Korea Republic","YUN","Youngsun Y S YUN"
351,6,"PARK Jooho","Korea Republic","PARK","Jooho J H PARK"
352,7,"SON Heungmin","Korea Republic","SON","Heungmin H M SON"
353,8,"JU Sejong","Korea Republic","JU","Sejong S J JU"
354,9,"KIM Shinwook","Korea Republic","KIM","Shinwook S W KIM"
355,10,"LEE Seungwoo","Korea Republic","LEE","Seungwoo S W LEE"
356,11,"HWANG Heechan","Korea Republic","HWANG","Hee Chan H C HWANG"
357,12,"KIM Minwoo","Korea Republic","KIM","Minwoo M W KIM"
358,13,"KOO Jacheol","Korea Republic","KOO","Jacheol J C KOO"
359,14,"HONG Chul","Korea Republic","HONG","Chul C HONG"
360,15,"JUNG Wooyoung","Korea Republic","JUNG","Wooyoung W Y JUNG"
361,16,"KI Sungyueng","Korea Republic","KI","Sungyueng S Y KI"
362,17,"LEE Jaesung","Korea Republic","LEE","Jaesung J S LEE"
363,18,"MOON Seonmin","Korea Republic","MOON","Seon Min S M MOON"
364,19,"KIM Younggwon","Korea Republic","KIM","Younggwon Y G KIM"
365,20,"JANG Hyunsoo","Korea Republic","JANG","Hyunsoo H S JANG"
366,21,"KIM Jinhyeon","Korea Republic","KIM","Jinhyeon J H KIM"
367,22,"GO Yohan","Korea Republic","GO","Yohan Y H GO"
368,23,"JO Hyeonwoo","Korea Republic","JO","Hyeonwoo H W JO"
369,1,"Jose CORONA","Mexico","CORONA RODRIGUEZ","Jose De Jesus"
370,2,"Hugo AYALA","Mexico","AYALA CASTRO","Hugo"
371,3,"Carlos SALCEDO","Mexico","SALCEDO HERNANDEZ","Carlos Joel"
372,4,"Rafael MARQUEZ","Mexico","MARQUEZ ALVAREZ","Rafael"
373,6,"Jonathan DOS SANTOS","Mexico","DOS SANTOS RAMÍREZ","Jonathan"
374,7,"Miguel LAYUN","Mexico","LAYUN PRADO","Miguel Arturo"
375,8,"Marco FABIAN","Mexico","FABIAN DE LA MORA","Marco Jhonfai"
376,9,"Raul JIMENEZ","Mexico","JIMENEZ RODRIGUEZ","Raul Alonso"
377,1,"Giovani DOS SANTOS","Mexico","DOS SANTOS RAMIREZ","Giovani"
378,11,"Carlos VELA","Mexico","VELA GARRIDO","Carlos Alberto"
379,12,"Alfredo TALAVERA","Mexico","TALAVERA DIAZ","Alfredo"
380,13,"Guillermo OCHOA","Mexico","OCHOA MAGANA","Francisco Guillermo"
381,14,"Javier HERNANDEZ","Mexico","HERNANDEZ BALCAZAR","Javier"
382,15,"Hector MORENO","Mexico","MORENO HERRERA","Hector Alfredo"
383,16,"Hector HERRERA","Mexico","HERRERA LOPEZ","Hector Miguel"
384,17,"Jesus CORONA","Mexico","CORONA RUIZ","Jesus Manuel"
385,18,"Andres GUARDADO","Mexico","GUARDADO HERNANDEZ","Jose Andres"
386,19,"Oribe PERALTA","Mexico","PERALTA MORONES","Oribe"
387,20,"Javier AQUINO","Mexico","AQUINO CARMONA","Javier Ignacio"
388,21,"Edson ALVAREZ","Mexico","ALVAREZ VELAZQUEZ","Edson Omar"
389,22,"Hirving LOZANO","Mexico","LOZANO BAHENA","Hirving Rodrigo"
390,23,"Jesus GALLARDO","Mexico","GALLARDO VASCONCELOS","Jesus Daniel"
391,1,"Yassine BOUNOU","Morocco","BOUNOU","Yassine"
392,2,"Achraf HAKIMI","Morocco","HAKIMI","Achraf"
393,3,"Hamza MENDYL","Morocco","MENDYL","Hamza"
394,4,"Manuel DA COSTA","Morocco","DA COSTA TRINDADE","Manuel Marouan"
395,5,"Mehdi BENATIA","Morocco","EL MOUTTAQUI","Mehdi Amine"
396,6,"Ghanem SAISS","Morocco","SAISS","Ghanem"
397,7,"Hakim ZIYACH","Morocco","ZIYACH","Hakim"
398,8,"Karim EL AHMADI","Morocco","EL AHMADI AROUSSI","Karim"
399,9,"Ayoub EL KAABI","Morocco","EL KAABI","Ayoub"
400,1,"Younes BELHANDA","Morocco","BELHANDA","Younes"
401,11,"Faycal FAJR","Morocco","FAJR","Faycal"
402,12,"Monir EL KAJOUI","Morocco","EL KAJOUI","Monir"
403,13,"Khalid BOUTAIB","Morocco","BOUTAIB","Khalid"
404,14,"Mbark BOUSSOUFA","Morocco","BOUSSOUFA","M'bark"
405,15,"Youssef AIT BENNASSER","Morocco","AIT BENNASSER","Youssef"
406,16,"Noureddine AMRABAT","Morocco","AMRABAT","Noureddine"
407,17,"Nabil DIRAR","Morocco","DIRAR","Nabil"
408,18,"Amine HARIT","Morocco","HARIT","Amine"
409,19,"Youssef EN NESYRI","Morocco","EN NESYRI","Youssef"
410,20,"Aziz BOUHADDOUZ","Morocco","BOUHADDOUZ","Aziz"
411,21,"Sofyan AMRABAT","Morocco","AMRABAT","Sofyan"
412,22,"Ahmed TAGNAOUTI","Morocco","TAGNAOUTI","Ahmed Reda"
413,23,"Mehdi CARCELA","Morocco","CARCELA GONZALEZ","Mehdi François"
414,1,"kechukwu EZENWA","Nigeria","EZENWA","Ikechukwu Vincent"
415,2,"Bryan IDOWU","Nigeria","IDOWU","Bryan Oladapo"
416,3,"Elderson ECHIEJILE","Nigeria","ECHIEJILE","Elderson Uwa"
417,4,"Wilfred NDIDI","Nigeria","NDIDI","Onyinye Wilfred"
418,5,"William EKONG","Nigeria","EKONG","William Paul"
419,6,"Leon BALOGUN","Nigeria","BALOGUN","Leon Aderemi"
420,7,"Ahmed MUSA","Nigeria","MUSA","Ahmed"
421,8,"Oghenekaro ETEBO","Nigeria","ETEBO","Oghenekaro Peter"
422,9,"Odion IGHALO","Nigeria","IGHALO","Odion Jude"
423,1,"John Obi MIKEL","Nigeria","MIKEL","John Obi"
424,11,"Victor MOSES","Nigeria","MOSES","Victor"
425,12,"Abdullahi SHEHU","Nigeria","SHEHU","Abdullahi"
426,13,"Simeon NWANKWO","Nigeria","NWANKWO","Simeon Tochukwu"
427,14,"Kelechi IHEANACHO","Nigeria","IHEANACHO","Kelechi Promise"
428,15,"Joel OBI","Nigeria","OBI","Joel Chukwuma"
429,16,"Daniel AKPEYI","Nigeria","AKPEYI","Daniel"
430,17,"Ogenyi ONAZI","Nigeria","ONAZI","Ogenyi Eddy"
431,18,"Alex IWOBI","Nigeria","IWOBI","Alexander Chuka"
432,19,"John OGU","Nigeria","OGU","Ugochukwu John"
433,20,"Chidozie AWAZIEM","Nigeria","AWAZIEM","Chidozie Collins"
434,21,"Tyronne EBUEHI","Nigeria","EBUEHI","Tyronne Efe"
435,22,"Kenneth OMERUO","Nigeria","OMERUO","Kenneth Josiah"
436,23,"Francis UZOHO","Nigeria","UZOHO","Francis Odinaka"
437,1,"Jaime PENEDO","Panama","PENEDO CANO","Jaime Manuel"
438,2,"Michael MURILLO","Panama","MURILLO BERMUDEZ","Michael Amir"
439,3,"Harold CUMMINGS","Panama","CUMMINGS SEGURA","Harold Oshkaly"
440,4,"Fidel ESCOBAR","Panama","ESCOBAR MENDIETA","Fidel"
441,5,"Roman TORRES","Panama","TORRES MORCILLO","Román"
442,6,"Gabriel GOMEZ","Panama","GOMEZ GIRON","Gabriel Enrique"
443,7,"Blas PEREZ","Panama","PEREZ ORTEGA","Blas Antonio Miguel"
444,8,"Edgar BARCENAS","Panama","BARCENAS HERRERA","Edgar Yoel"
445,9,"Gabriel TORRES","Panama","TORRES TEJADA","Gabriel Arturo"
446,10,"Ismael DIAZ","Panama","DIAZ DE LEON","Ismael"
447,11,"Armando COOPER","Panama","COOPER WHITAKER","Armando Enrique"
448,12,"Jose CALDERON","Panama","CALDERON FRIAS","Jose De Jesus"
449,13,"Adolfo MACHADO","Panama","MACHADO","Adolfo Abdiel"
450,14,"Valentin PIMENTEL","Panama","PIMENTEL ARMUELLES","Valentin Enrique"
451,15,"Eric DAVIS","Panama","DAVIS GRAJALES","Eric Javier"
452,16,"Abdiel ARROYO","Panama","ARROYO MOLINAR","Abdiel"
453,17,"Luis OVALLE","Panama","OVALLE VICTORIA","Luis Carlos"
454,18,"Luis TEJADA","Panama","TEJADA HANSELL","Luis Carlos"
455,19,"Ricardo AVILA","Panama","AVILA","Ricardo"
456,20,"Anibal GODOY","Panama","GODOY LEMUS","Anibal Casis"
457,21,"Jose Luis RODRIGUEZ","Panama","RODRIGUEZ FRANCIS","José Luis"
458,22,"Alex RODRIGUEZ","Panama","RODRIGUEZ LEDEZMA","Alex Raul"
459,23,"Felipe BALOY","Panama","BALOY RAMIREZ","Felipe Abdiel"
460,1,"Pedro GALLESE","Peru","GALLESE QUIROZ","Pedro David"
461,2,"Alberto RODRIGUEZ","Peru","RODRIGUEZ VALDELOMAR","Alberto Junior"
462,3,"Aldo CORZO","Peru","CORZO CHAVEZ","Aldo Sebastian"
463,4,"Anderson SANTAMARIA","Peru","SANTAMARIA BARDALES","Anderson"
464,5,"Miguel ARAUJO","Peru","ARAUJO BLANCO","Miguel Gianpierre"
465,6,"Miguel TRAUCO","Peru","TRAUCO SAAVEDRA","Miguel Angel"
466,7,"Paolo HURTADO","Peru","HURTADO HUERTAS","Christopher Paolo César"
467,8,"Christian CUEVA","Peru","CUEVA BRAVO","Christian Alberto"
468,9,"Paolo GUERRERO","Peru","GUERRERO GONZALES","Jose Paolo"
469,10,"Jefferson FARFAN","Peru","FARFAN GUADALUPE","Jefferson Agustin"
470,11,"Raul RUIDIAZ","Peru","RUIDIAZ MISITICH","Raul Mario"
471,12,"Carlos CACEDA","Peru","CACEDA OLLAGUEZ","Carlos Alberto"
472,13,"Renato TAPIA","Peru","TAPIA CORTIJO","Renato Fabrizio"
473,14,"Andy POLO","Peru","POLO ANDRADE","Andy Jorman"
474,15,"Christian RAMOS","Peru","RAMOS GARAGAY","Christian Guillermo Martin"
475,16,"Wilder CARTAGENA","Peru","CARTAGENA MENDOZA","Wilder Jose"
476,17,"Luis ADVINCULA","Peru","ADVINCULA CASTRILLON","Luis Jan Piers"
477,18,"Andre CARRILLO","Peru","CARRILLO DIAZ","Andre Martin"
478,19,"Yoshimar YOTUN","Peru","YOTUN FLORES","Victor Yoshimar"
479,20,"Edison FLORES","Peru","FLORES PERALTA","Edison Michael"
480,21,"Jose CARVALLO","Peru","CARVALLO ALONSO","Jose Aurelio"
481,22,"Nilson LOYOLA","Peru","LOYOLA MORALES","Nilson Evair"
482,23,"Pedro AQUINO","Peru","AQUINO SANCHEZ","Pedro Jesus"
483,1,"Wojciech SZCZESNY","Poland","SZCZĘSNY","Wojciech Tomasz"
484,2,"Michal PAZDAN","Poland","PAZDAN","Michal"
485,3,"Artur JEDRZEJCZYK","Poland","JEDRZEJCZYK","Artur Marcin"
486,4,"Thiago CIONEK","Poland","CIONEK","Thiago Ranagel"
487,5,"Jan BEDNAREK","Poland","BEDNAREK","Jan Kacper"
488,5,"Krzysztof MACZYNSKI","Poland","MACZYNSKI","Krzysztof"
489,6,"Jacek GORALSKI","Poland","GORALSKI","Jacek"
490,7,"Arkadiusz MILIK","Poland","MILIK","Arkadiusz Krystian"
491,8,"Karol LINETTY","Poland","LINETTY","Karol"
492,9,"Robert LEWANDOWSKI","Poland","LEWANDOWSKI","Robert"
493,10,"Grzegorz KRYCHOWIAK","Poland","KRYCHOWIAK","Grzegorz"
494,11,"Kamil GROSICKI","Poland","GROSICKI","Kamil Pawel"
495,12,"Bartosz BIALKOWSKI","Poland","BIALKOWSKI","Bartosz Marek"
496,13,"Maciej RYBUS","Poland","RYBUS","Maciej"
497,14,"Lukasz TEODORCZYK","Poland","TEODORCZYK","Lukasz"
498,15,"Kamil GLIK","Poland","GLIK","Kamil"
499,16,"Jakub BLASZCZYKOWSKI","Poland","BŁASZCZYKOWSKI","Jakub"
500,17,"Slawomir PESZKO","Poland","PESZKO","Slawomir Konrad"
501,18,"Bartosz BERESZYNSKI","Poland","BERESZYNSKI","Bartosz"
502,19,"Piotr ZIELINSKI","Poland","ZIELINSKI","Piotr Sebastian"
503,20,"Lukasz PISZCZEK","Poland","PISZCZEK","Lukasz Piotr"
504,21,"Rafal KURZAWA","Poland","KURZAWA","Rafal Maciej"
505,22,"Lukasz FABIANSKI","Poland","FABIAŃSKI","Lukasz"
506,23,"Dawid KOWNACKI","Poland","KOWNACKI","Dawid Igor"
507,1,"RUI PATRICIO","Portugal","DOS SANTOS PATRÍCIO","Rui Pedro"
508,2,"BRUNO ALVES","Portugal","REGUFE ALVES","Bruno Eduardo"
509,3,"PEPE","Portugal","DE LIMA FERREIRA","Kepler Laveran"
510,4,"MANUEL FERNANDES","Portugal","TAVARES FERNANDES","Manuel Henrique"
511,5,"RAPHAEL GUERREIRO","Portugal","GUERREIRO","Raphael Adelino José"
512,6,"JOSE FONTE","Portugal","DA ROCHA FONTE","José Miguel"
513,7,"CRISTIANO RONALDO","Portugal","DOS SANTOS AVEIRO","Cristiano Ronaldo"
514,8,"JOAO MOUTINHO","Portugal","IRIA SANTOS MOUTINHO","João Filipe"
515,9,"ANDRE SILVA","Portugal","VALENTE DA SILVA","André Miguel"
516,10,"JOAO MARIO","Portugal","NAVAL DA COSTA EDUARDO","João Mário"
517,11,"BERNARDO SILVA","Portugal","MOTA VEIGA DE CARVALHO ESILVA","Bernardo"
518,12,"ANTHONY LOPES","Portugal","LOPES","Anthony"
519,13,"RUBEN DIAS","Portugal","DOS SANTOS GATO ALVES DIAS","Rúben"
520,14,"WILLIAM","Portugal","SILVA DE CARVALHO","William"
521,15,"RICARDO","Portugal","BARBOSA PEREIRA","Ricardo Domingos"
522,16,"BRUNO FERNANDES","Portugal","BORGES FERNANDES","Bruno Miguel"
523,17,"GONCALO GUEDES","Portugal","GANCHINHO GUEDES","Gonçalo Manuel"
524,18,"GELSON MARTINS","Portugal","BATALHA MARTINS","Gelson Dany"
525,19,"MARIO RUI","Portugal","SILVA DUARTE","Mário Rui"
526,20,"RICARDO QUARESMA","Portugal","ANDRADE QUARESMA BERNARDO","Ricardo"
527,21,"CEDRIC","Portugal","ALVES SOARES","Cédric Ricardo"
528,22,"BETO","Portugal","BASTOS PIMPAREL","António Alberto"
529,23,"ADRIEN SILVA","Portugal","PERRUCHET DA SILVA","Adrien Sébastien"
530,1,"Igor AKINFEEV","Russia","AKINFEEV","Igor"
531,2,"MARIO FERNANDES","Russia","FIGUEIRA FERNANDES","Mario"
532,3,"Ilya KUTEPOV","Russia","KUTEPOV","Ilya"
533,4,"Sergey IGNASHEVICH","Russia","IGNASHEVICH","Sergey"
534,5,"Andrey SEMENOV","Russia","SEMENOV","Andrey"
535,6,"Denis CHERYSHEV","Russia","CHERYSHEV","Denis"
536,7,"Daler KUZIAEV","Russia","KUZIAEV","Daler"
537,8,"Iury GAZINSKY","Russia","GAZINSKII","Iurii"
538,9,"Alan DZAGOEV","Russia","DZAGOEV","Alan"
539,10,"Fedor SMOLOV","Russia","SMOLOV","Fedor"
540,11,"Roman ZOBNIN","Russia","ZOBNIN","Roman"
541,12,"Andrei LUNEV","Russia","LUNEV","Andrei"
542,13,"Fedor KUDRIASHOV","Russia","KUDRIASHOV","Fedor"
543,14,"Vladimir GRANAT","Russia","GRANAT","Vladimir"
544,15,"Alexey MIRANCHUK","Russia","MIRANCHUK","Alexey"
545,16,"Anton MIRANCHUK","Russia","MIRANCHUK","Anton"
546,17,"Aleksandr GOLOVIN","Russia","GOLOVIN","Aleksandr"
547,18,"Yury ZHIRKOV","Russia","ZHIRKOV","Yury"
548,19,"Alexander SAMEDOV","Russia","SAMEDOV","Alexander"
549,20,"Vladimir GABULOV","Russia","GABULOV","Vladimir"
550,21,"Aleksandr EROKHIN","Russia","EROKHIN","Aleksandr"
551,22,"Artem DZYUBA","Russia","DZYUBA","Artem"
552,23,"Igor SMOLNIKOV","Russia","SMOLNIKOV","Igor"
553,1,"ABDULLAH ALMUAIOUF","Saudi Arabia","ALMUAIOUF","Abdullah Ibrahim A"
554,2,"MANSOUR ALHARBI","Saudi Arabia","ALHARBI","Mansour"
555,3,"OSAMA HAWSAWI","Saudi Arabia","HAWSAWI","Osama Abdulrzag M"
556,4,"ALI ALBULAYHI","Saudi Arabia","ALBULAYHI","Ali Hadi M"
557,5,"OMAR HAWSAWI","Saudi Arabia","HAWSAWI","Omar Ibrahim O"
558,6,"MOHAMMED ALBURAYK","Saudi Arabia","ALBURAYK","Mohammed Ibrahim M"
559,7,"SALMAN ALFARAJ","Saudi Arabia","ALFARAJ","Salman Mohammed M"
560,8,"YAHIA ALSHEHRI","Saudi Arabia","ALSHEHRI","Yahia Sulaiman Ali"
561,9,"HATAN BAHBRI","Saudi Arabia","BAHBRI","Hatan Sultan"
562,10,"MOHAMMED ALSAHLAWI","Saudi Arabia","ALSAHLAWI","Mohammed IbrahimMohammad"
563,11,"ABDULMALEK ALKHAIBRI","Saudi Arabia","ALKHAIBRI","Abdulmalek Abdullah A"
564,12,"MOHAMED KANNO","Saudi Arabia","KANNO","Mohamed Ibrahim A"
565,13,"YASSER ALSHAHRANI","Saudi Arabia","ALSHAHRANI","Yasir Gharsan S"
566,14,"ABDULLAH OTAYF","Saudi Arabia","OTAYF","Abdullah Ibrahim I"
567,15,"ABDULLAH ALKHAIBARI","Saudi Arabia","ALKHAIBARI","Abdullah Mohammed"
568,16,"HUSSAIN ALMOQAHWI","Saudi Arabia","ALMOQAHWI","Hussain Ali J"
569,17,"TAISEER ALJASSAM","Saudi Arabia","ALJASSAM","Taiseer Jaber"
570,18,"SALEM ALDAWSARI","Saudi Arabia","ALDAWSARI","Salem Mohammed S"
571,19,"FAHAD ALMUWALLAD","Saudi Arabia","ALMUWALLAD ALHARBI","Fhad Mosaed"
572,20,"MUHANNAD ASIRI","Saudi Arabia","ABU RADIYAH","Muhannad Ahmed"
573,21,"YASSER ALMOSAILEM","Saudi Arabia","ALMOSAILEM","Yasser Abdullah N"
574,22,"MOHAMMED ALOWAIS","Saudi Arabia","ALOWAIS","Mohammed"
575,23,"MOTAZ HAWSAWI","Saudi Arabia","HAWSAWI","Motaz Ali Hassan"
576,1,"Abdoulaye DIALLO","Senegal","DIALLO","Abdoulaye"
577,2,"Saliou CISS","Senegal","CISS","Saliou"
578,3,"Kalidou KOULIBALY","Senegal","KOULIBALY","Kalidou"
579,4,"Kara MBODJI","Senegal","MBODJI","Serigne Modou Kara"
580,5,"Idrissa Gana GUEYE","Senegal","GUEYE","Idrissa Gana"
581,6,"Salif SANE","Senegal","SANE","Salif"
582,7,"Moussa SOW","Senegal","SOW","Moussa"
583,8,"Cheikhou KOUYATE","Senegal","KOUYATE","Cheikhou"
584,9,"Mame DIOUF","Senegal","DIOUF","Mame Biram"
585,10,"Sadio MANE","Senegal","MANE","Sadio"
586,11,"Cheikh NDOYE","Senegal","N'DOYE","Cheikh Tidiane"
587,12,"Youssouf SABALY","Senegal","SABALY","Youssouf"
588,13,"Alfred NDIAYE","Senegal","N'DIAYE","Alfred John Momar"
589,14,"Moussa KONATE","Senegal","KONATE","Moussa"
590,15,"Diafra SAKHO","Senegal","SAKHO","Diafra"
591,16,"Khadim NDIAYE","Senegal","NDIAYE","Khadim"
592,17,"Pape Alioune NDIAYE","Senegal","NDIAYE","Pape Alioune"
593,18,"Ismaila SARR","Senegal","SARR","Ismaila"
594,19,"Mbaye NIANG","Senegal","NIANG","Mbaye Hamady"
595,20,"Keita BALDE","Senegal","BALDE DIAO","Keita"
596,21,"Lamine GASSAMA","Senegal","GASSAMA","Lamine"
597,22,"Moussa WAGUE","Senegal","WAGUE","Moussa"
598,23,"Alfred GOMIS","Senegal","GOMIS","Amigo Alfred Junior"
599,1,"Vladimir STOJKOVIC","Serbia","STOJKOVIĆ","Vladimir"
600,2,"Antonio RUKAVINA","Serbia","RUKAVINA","Antonio"
601,3,"Dusko TOSIC","Serbia","TOŠIĆ","Duško"
602,4,"Luka MILIVOJEVIC","Serbia","MILIVOJEVIĆ","Luka"
603,5,"Uros SPAJIC","Serbia","SPAJIC","Uros"
604,6,"Branislav IVANOVIC","Serbia","IVANOVIĆ","Branislav"
605,7,"Andrija ZIVKOVIC","Serbia","ŽIVKOVIĆ","Andrija"
606,8,"Aleksandar PRIJOVIC","Serbia","PRIJOVIĆ","Aleksandar"
607,9,"Aleksandar MITROVIC","Serbia","MITROVIC","Aleksandar"
608,10,"Dusan TADIC","Serbia","TADIĆ","Dušan"
609,11,"Aleksandar KOLAROV","Serbia","KOLAROV","Aleksandar"
610,12,"Predrag RAJKOVIC","Serbia","RAJKOVIĆ","Predrag"
611,13,"Milos VELJKOVIC","Serbia","VELJKOVIĆ","Miloš"
612,14,"Milan RODIC","Serbia","RODIĆ","Milan"
613,15,"Nikola MILENKOVIC","Serbia","MILENKOVIĆ","Nikola"
614,16,"Marko GRUJIC","Serbia","GRUJIĆ","Marko"
615,17,"Filip KOSTIC","Serbia","KOSTIĆ","Filip"
616,18,"Nemanja RADONJIC","Serbia","RADONJIĆ","Nemanja"
617,19,"Luka JOVIC","Serbia","JOVIĆ","Luka"
618,20,"Sergej MILINKOVIC-SAVIC","Serbia","MILINKOVIĆ-SAVIĆ","Sergej"
619,21,"Nemanja MATIC","Serbia","MATIĆ","Nemanja"
620,22,"Adem LJAJIC","Serbia","LJAJIĆ","Adem"
621,23,"Marko DMITROVIC","Serbia","DMITROVIĆ","Marko"
622,1,"David DE GEA","Spain","DE GEA QUINTANA","David"
623,2,"Dani CARVAJAL","Spain","CARVAJAL RAMOS","Daniel"
624,3,"Gerard PIQUE","Spain","PIQUÉ BERNABEU","Gerard"
625,4,"NACHO","Spain","FERNÁNDEZ IGLESIAS","José Ignacio"
626,5,"Sergio BUSQUETS","Spain","BUSQUETS BURGOS","Sergio"
627,6,"Andres INIESTA","Spain","INIESTA LUJAN","Andres"
628,7,"SAUL","Spain","ÑIGUEZ ESCLAPEZ","Saúl"
629,8,"KOKE","Spain","RESURRECCIÓN MERODIO","Jorge"
630,9,"RODRIGO","Spain","MORENO MACHADO","Rodrigo"
631,10,"THIAGO","Spain","ALCANTARA DO NASCIMENTO","Thiago"
632,11,"Lucas VAZQUEZ","Spain","VÁZQUEZ IGLESIAS","Lucas"
633,12,"Alvaro ODRIOZOLA","Spain","ODRIOZOLA ARZALLUS","Álvaro"
634,13,"Kepa ARRIZABALAGA","Spain","ARRIZABALAGA REVUELTA","Kepa"
635,14,"Cesar AZPILICUETA","Spain","AZPILICUETA TANCO","César"
636,15,"Sergio RAMOS","Spain","RAMOS GARCIA","Sergio"
